,PorN
0,긍정
1,긍정
2,긍정
3,긍정
4,긍정
5,긍정
6,positive
7,긍정
8,긍정
9,긍정
10,긍정
11,긍정
12,긍정
13,긍정
14,긍정
15,긍정
16,긍정
17,긍정
18,긍정
19,긍정
20,긍정
21,긍정
22,긍정
23,긍정
24,긍정
25,긍정
26,긍정
27,긍정
28,긍정
29,긍정
30,긍정
31,긍정
32,긍정
33,긍정
34,긍정
35,긍정
36,긍정
37,긍정
38,긍정
39,긍정
40,긍정
41,긍정
42,긍정
43,positive
44,긍정
45,긍정
46,긍정
47,긍정
48,긍정
49,긍정
50,긍정
51,긍정
52,긍정
53,긍정
54,긍정
55,부정
56,긍정
57,긍정
58,긍정
59,긍정
60,긍정
61,긍정
62,긍정
63,부정
64,부정
65,부정
66,긍정
67,긍정
68,긍정
69,긍정
70,긍정
71,긍정
72,긍정
73,긍정
74,긍정
75,긍정
76,긍정
77,긍정
78,긍정
79,긍정
80,긍정
81,긍정
82,긍정
83,긍정
84,긍정
85,긍정
86,긍정
87,긍정
88,긍정
89,긍정
90,긍정
91,긍정
92,긍정
93,부정
94,긍정
95,긍정
96,긍정
97,긍정
98,긍정
99,긍정
100,긍정
101,긍정
102,긍정
103,긍정
104,긍정
105,긍정
106,긍정
107,긍정
108,긍정
109,긍정
110,긍정
111,긍정
112,긍정
113,부정
114,부정
115,긍정
116,긍정
117,긍정
118,긍정
119,긍정
120,긍정
121,긍정
122,긍정
123,부정
124,긍정
125,긍정
126,긍정
127,긍정
128,긍정
129,긍정
130,긍정
131,긍정
132,긍정
133,긍정
134,긍정
135,긍정
136,긍정
137,긍정
138,긍정
139,긍정
140,긍정
141,긍정
142,긍정
143,긍정
144,부정
145,긍정
146,긍정
147,긍정
148,긍정
149,긍정
150,긍정
151,긍정
152,긍정
153,긍정
154,긍정
155,긍정
156,긍정
157,긍정
158,긍정
159,긍정
160,긍정
161,긍정
162,긍정
163,긍정
164,긍정
165,긍정
166,긍정
167,긍정
168,긍정
169,긍정
170,긍정
171,긍정
172,긍정
173,긍정
174,부정
175,긍정
176,긍정
177,긍정
178,긍정
179,긍정
180,긍정
181,긍정
182,긍정
183,긍정
184,긍정
185,긍정
186,긍정
187,긍정
188,긍정
189,긍정
190,긍정
191,긍정
192,긍정
193,긍정
194,부정
195,부정
196,긍정
197,긍정
198,긍정
199,긍정
200,긍정
201,긍정
202,긍정
203,부정
204,긍정
205,긍정
206,긍정
207,긍정
208,긍정
209,긍정
210,긍정
211,긍정
212,긍정
213,긍정
214,긍정
215,긍정
216,긍정
217,긍정
218,긍정
219,긍정
220,긍정
221,긍정
222,긍정
223,긍정
224,긍정
225,긍정
226,부정
227,긍정
228,긍정
229,긍정
230,긍정
231,긍정
232,긍정
233,긍정
234,긍정
235,긍정
236,긍정
237,긍정
238,긍정
239,긍정
240,긍정
241,긍정
242,부정
243,긍정
244,긍정
245,긍정
246,긍정
247,긍정
248,긍정
249,긍정
250,긍정
251,긍정
252,긍정
253,긍정
254,긍정
255,부정
256,긍정
257,긍정
258,긍정
259,긍정
260,긍정
261,positive
262,긍정
263,긍정
264,긍정
265,긍정
266,긍정
267,긍정
268,긍정
269,긍정
270,긍정
271,긍정
272,긍정
273,긍정
274,부정
275,긍정
276,긍정
277,긍정
278,긍정
279,긍정
280,긍정
281,긍정
282,긍정
283,긍정
284,긍정
285,긍정
286,긍정
287,긍정
288,긍정
289,긍정
290,긍정
291,긍정
292,긍정
293,긍정
294,긍정
295,긍정
296,긍정
297,긍정
298,긍정
299,긍정
300,긍정
301,긍정
302,긍정
303,긍정
304,긍정
305,긍정
306,긍정
307,긍정
308,긍정
309,긍정
310,긍정
311,긍정
312,긍정
313,긍정
314,긍정
315,긍정
316,긍정
317,긍정
318,긍정
319,긍정
320,긍정
321,긍정
322,긍정
323,긍정
324,긍정
325,긍정
326,긍정
327,긍정
328,긍정
329,긍정
330,긍정
331,긍정
332,부정
333,긍정
334,긍정
335,긍정
336,부정
337,긍정
338,긍정
339,긍정
340,긍정
341,Positive
342,긍정
343,긍정
344,긍정
345,부정
346,긍정
347,긍정
348,긍정
349,긍정
350,긍정
351,positive
352,긍정
353,긍정
354,긍정
355,긍정
356,긍정
357,긍정
358,긍정
359,긍정
360,긍정
361,긍정
362,긍정
363,긍정
364,부정
365,긍정
366,긍정
367,긍정
368,긍정
369,긍정
370,긍정
371,긍정
372,긍정
373,긍정
374,긍정
375,positive
376,긍정
377,긍정
378,긍정
379,긍정
380,긍정
381,긍정
382,긍정
383,긍정
384,긍정
385,긍정
386,긍정
387,긍정
388,긍정
389,긍정
390,긍정
391,긍정
392,긍정
393,긍정
394,긍정
395,긍정
396,긍정
397,긍정
398,긍정
399,긍정
400,긍정
401,긍정
402,긍정
403,긍정
404,긍정
405,긍정
406,긍정
407,긍정
408,긍정
409,긍정
410,긍정
411,긍정
412,긍정
413,긍정
414,긍정
415,긍정
416,긍정
417,긍정
418,긍정
419,긍정
420,긍정
421,긍정
422,긍정
423,긍정
424,긍정
425,긍정
426,긍정
427,긍정
428,긍정
429,긍정
430,긍정
431,긍정
432,positive
433,긍정
434,긍정
435,긍정
436,긍정
437,긍정
438,긍정
439,positive
440,긍정
441,긍정
442,긍정
443,긍정
444,긍정
445,긍정
446,긍정
447,긍정
448,긍정
449,긍정
450,부정
451,긍정
452,긍정
453,긍정
454,긍정
455,긍정
456,긍정
457,긍정
458,긍정
459,부정
460,중립
461,중립
462,긍정
463,긍정
464,긍정
465,긍정
466,긍정
467,부정
468,긍정
469,긍정
470,긍정
471,긍정
472,긍정
473,긍정
474,긍정
475,긍정
476,긍정
477,긍정
478,긍정
479,긍정
480,긍정
481,긍정
482,긍정
483,긍정
484,긍정
485,긍정
486,긍정
487,긍정
488,긍정
489,긍정
490,긍정
491,긍정
492,positive
493,긍정
494,긍정
495,긍정
496,긍정
497,긍정
498,긍정
499,긍정
500,긍정
501,긍정
502,긍정
503,긍정
504,긍정
505,긍정
506,긍정
507,긍정
508,긍정
509,긍정
510,부정
511,긍정
512,긍정
513,긍정
514,긍정
515,긍정
516,긍정
517,긍정
518,긍정
519,부정
520,중립
521,중립
522,긍정
523,긍정
524,긍정
525,긍정
526,긍정
527,부정
528,긍정
529,긍정
530,긍정
531,긍정
532,긍정
533,긍정
534,긍정
535,긍정
536,긍정
537,긍정
538,긍정
539,긍정
540,긍정
541,긍정
542,긍정
543,긍정
544,긍정
545,부정
546,긍정
547,긍정
548,긍정
549,긍정
550,긍정
551,긍정
552,긍정
553,긍정
554,긍정
555,긍정
556,긍정
557,긍정
558,긍정
559,긍정
560,긍정
561,긍정
562,긍정
563,긍정
564,긍정
565,긍정
566,긍정
567,긍정
568,긍정
569,긍정
570,긍정
571,긍정
572,긍정
573,긍정
574,긍정
575,긍정
576,긍정
577,부정
578,긍정
579,긍정
580,긍정
581,긍정
582,긍정
583,긍정
584,긍정
585,긍정
586,긍정
587,긍정
588,긍정
589,긍정
590,긍정
591,긍정
592,긍정
593,긍정
594,긍정
595,긍정
596,긍정
597,부정
598,부정
599,긍정
600,긍정
601,긍정
602,긍정
603,긍정
604,긍정
605,긍정
606,부정
607,긍정
608,긍정
609,긍정
610,긍정
611,긍정
612,긍정
613,긍정
614,긍정
615,긍정
616,긍정
617,긍정
618,긍정
619,긍정
620,긍정
621,긍정
622,긍정
623,긍정
624,긍정
625,긍정
626,긍정
627,긍정
628,긍정
629,부정
630,부정
631,긍정
632,긍정
633,긍정
634,긍정
635,긍정
636,긍정
637,긍정
638,긍정
639,긍정
640,긍정
641,긍정
642,긍정
643,긍정
644,부정
645,긍정
646,긍정
647,긍정
648,긍정
649,긍정
650,긍정
651,긍정
652,긍정
653,긍정
654,긍정
655,긍정
656,긍정
657,긍정
658,긍정
659,긍정
660,긍정
661,긍정
662,긍정
663,긍정
664,긍정
665,긍정
666,긍정
667,긍정
668,긍정
669,긍정
670,부정
671,긍정
672,긍정
673,긍정
674,긍정
675,부정
676,긍정
677,긍정
678,긍정
679,긍정
680,긍정
681,긍정
682,긍정
683,긍정
684,긍정
685,부정
686,긍정
687,긍정
688,부정
689,긍정
690,긍정
691,긍정
692,긍정
693,긍정
694,부정
695,긍정
696,긍정
697,긍정
698,긍정
699,긍정
700,긍정
701,긍정
702,긍정
703,긍정
704,긍정
705,긍정
706,긍정
707,긍정
708,긍정
709,긍정
710,긍정
711,긍정
712,긍정
713,긍정
714,긍정
715,긍정
716,긍정
717,긍정
718,긍정
719,긍정
720,부정
721,긍정
722,긍정
723,긍정
724,negative
725,긍정
726,긍정
727,긍정
728,긍정
729,긍정
730,긍정
731,부정
732,긍정
733,긍정
734,긍정
735,긍정
736,긍정
737,긍정
738,부정
739,긍정
740,긍정
741,긍정
742,긍정
743,긍정
744,긍정
745,긍정
746,긍정
747,긍정
748,부정
749,긍정
750,긍정
751,긍정
752,negative
753,negative
754,긍정
755,긍정
756,긍정
757,긍정
758,긍정
759,긍정
760,긍정
761,긍정
762,긍정
763,부정
764,긍정
765,긍정
766,긍정
767,긍정
768,긍정
769,긍정
770,긍정
771,긍정
772,긍정
773,긍정
774,긍정
775,긍정
776,긍정
777,긍정
778,긍정
779,긍정
780,긍정
781,긍정
782,긍정
783,긍정
784,긍정
785,긍정
786,긍정
787,긍정
788,긍정
789,긍정
790,긍정
791,긍정
792,긍정
793,긍정
794,negative
795,긍정
796,긍정
797,부정
798,긍정
799,긍정
800,긍정
801,긍정
802,긍정
803,긍정
804,긍정
805,긍정
806,긍정
807,긍정
808,긍정
809,긍정
810,긍정
811,부정
812,긍정
813,긍정
814,긍정
815,긍정
816,부정
817,긍정
818,부정
819,긍정
820,긍정
821,긍정
822,긍정
823,긍정
824,긍정
825,긍정
826,긍정
827,긍정
828,긍정
829,긍정
830,긍정
831,긍정
832,긍정
833,긍정
834,긍정
835,긍정
836,긍정
837,긍정
838,긍정
839,부정
840,긍정
841,긍정
842,부정
843,긍정
844,긍정
845,긍정
846,긍정
847,긍정
848,긍정
849,긍정
850,긍정
851,긍정
852,긍정
853,긍정
854,긍정
855,긍정
856,긍정
857,긍정
858,긍정
859,긍정
860,긍정
861,긍정
862,긍정
863,긍정
864,긍정
865,긍정
866,긍정
867,긍정
868,긍정
869,긍정
870,긍정
871,긍정
872,긍정
873,긍정
874,긍정
875,긍정
876,긍정
877,긍정
878,긍정
879,긍정
880,긍정
881,부정
882,긍정
883,긍정
884,긍정
885,긍정
886,긍정
887,긍정
888,긍정
889,긍정
890,긍정
891,긍정
892,긍정
893,긍정
894,긍정
895,부정
896,긍정
897,긍정
898,긍정
899,긍정
900,긍정
901,긍정
902,긍정
903,긍정
904,부정
905,긍정
906,긍정
907,긍정
908,긍정
909,긍정
910,긍정
911,긍정
912,긍정
913,긍정
914,긍정
915,긍정
916,긍정
917,긍정
918,긍정
919,긍정
920,긍정
921,긍정
922,긍정
923,긍정
924,긍정
925,긍정
926,긍정
927,긍정
928,"긍정
"
929,긍정
930,긍정
931,긍정
932,긍정
933,긍정
934,부정
935,긍정
936,긍정
937,긍정
938,긍정
939,긍정
940,긍정
941,긍정
942,긍정
943,긍정
944,긍정
945,긍정
946,긍정
947,긍정
948,긍정
949,긍정
950,긍정
951,긍정
952,긍정
953,긍정
954,긍정
955,부정
956,부정
957,긍정
958,긍정
959,긍정
960,긍정
961,긍정
962,긍정
963,긍정
964,부정
965,긍정
966,긍정
967,긍정
968,긍정
969,긍정
970,긍정
971,긍정
972,긍정
973,긍정
974,긍정
975,긍정
976,긍정
977,긍정
978,긍정
979,긍정
980,긍정
981,긍정
982,긍정
983,긍정
984,긍정
985,긍정
986,긍정
987,긍정
988,긍정
989,부정
990,긍정
991,긍정
992,긍정
993,긍정
994,긍정
995,긍정
996,긍정
997,긍정
998,긍정
999,긍정
1000,긍정
1001,긍정
1002,긍정
1003,긍정
1004,긍정
1005,부정
1006,긍정
1007,긍정
1008,긍정
1009,긍정
1010,긍정
1011,긍정
1012,긍정
1013,긍정
1014,긍정
1015,긍정
1016,긍정
1017,긍정
1018,긍정
1019,긍정
1020,긍정
1021,긍정
1022,긍정
1023,긍정
1024,긍정
1025,긍정
1026,긍정
1027,긍정
1028,긍정
1029,positive
1030,긍정
1031,긍정
1032,긍정
1033,긍정
1034,긍정
1035,긍정
1036,긍정
1037,긍정
1038,긍정
1039,긍정
1040,긍정
1041,긍정
1042,긍정
1043,긍정
1044,부정
1045,중립
1046,중립
1047,긍정
1048,긍정
1049,긍정
1050,긍정
1051,긍정
1052,긍정
1053,긍정
1054,긍정
1055,긍정
1056,중립
1057,부정
1058,긍정
1059,긍정
1060,긍정
1061,긍정
1062,긍정
1063,긍정
1064,긍정
1065,긍정
1066,긍정
1067,긍정
1068,긍정
1069,긍정
1070,긍정
1071,긍정
1072,긍정
1073,긍정
1074,긍정
1075,긍정
1076,긍정
1077,긍정
1078,긍정
1079,긍정
1080,긍정
1081,긍정
1082,긍정
1083,긍정
1084,긍정
1085,긍정
1086,긍정
1087,긍정
1088,긍정
1089,긍정
1090,긍정
1091,긍정
1092,긍정
1093,긍정
1094,긍정
1095,긍정
1096,긍정
1097,긍정
1098,긍정
1099,긍정
1100,긍정
1101,긍정
1102,긍정
1103,긍정
1104,긍정
1105,긍정
1106,긍정
1107,긍정
1108,긍정
1109,긍정
1110,긍정
1111,긍정
1112,긍정
1113,긍정
1114,긍정
1115,긍정
1116,긍정
1117,긍정
1118,긍정
1119,긍정
1120,긍정
1121,긍정
1122,긍정
1123,긍정
1124,긍정
1125,긍정
1126,긍정
1127,긍정
1128,긍정
1129,긍정
1130,긍정
1131,긍정
1132,긍정
1133,긍정
1134,긍정
1135,긍정
1136,긍정
1137,긍정
1138,긍정
1139,긍정
1140,긍정
1141,긍정
1142,긍정
1143,긍정
1144,긍정
1145,긍정
1146,긍정
1147,긍정
1148,긍정
1149,긍정
1150,긍정
1151,긍정
1152,긍정
1153,긍정
1154,긍정
1155,긍정
1156,긍정
1157,긍정
1158,긍정
1159,긍정
1160,긍정
1161,긍정
1162,긍정
1163,긍정
1164,긍정
1165,긍정
1166,긍정
1167,긍정
1168,긍정
1169,부정
1170,긍정
1171,긍정
1172,긍정
1173,긍정
1174,긍정
1175,긍정
1176,긍정
1177,긍정
1178,긍정
1179,긍정
1180,긍정
1181,긍정
1182,긍정
1183,긍정
1184,긍정
1185,긍정
1186,긍정
1187,긍정
1188,긍정
1189,긍정
1190,긍정
1191,긍정
1192,긍정
1193,긍정
1194,부정
1195,부정
1196,긍정
1197,긍정
1198,긍정
1199,긍정
1200,긍정
1201,긍정
1202,긍정
1203,긍정
1204,긍정
1205,긍정
1206,긍정
1207,긍정
1208,긍정
1209,긍정
1210,긍정
1211,긍정
1212,긍정
1213,긍정
1214,긍정
1215,긍정
1216,긍정
1217,긍정
1218,긍정
1219,긍정
1220,긍정
1221,긍정
1222,긍정
1223,긍정
1224,긍정
1225,긍정
1226,긍정
1227,긍정
1228,긍정
1229,긍정
1230,긍정
1231,긍정
1232,긍정
1233,긍정
1234,긍정
1235,긍정
1236,긍정
1237,긍정
1238,긍정
1239,긍정
1240,긍정
1241,긍정
1242,긍정
1243,긍정
1244,긍정
1245,긍정
1246,긍정
1247,긍정
1248,긍정
1249,긍정
1250,긍정
1251,긍정
1252,긍정
1253,긍정
1254,긍정
1255,긍정
1256,긍정
1257,긍정
1258,긍정
1259,긍정
1260,긍정
1261,긍정
1262,긍정
1263,긍정
1264,긍정
1265,긍정
1266,긍정
1267,긍정
1268,긍정
1269,긍정
1270,긍정
1271,부정
1272,부정
1273,긍정
1274,긍정
1275,긍정
1276,긍정
1277,긍정
1278,긍정
1279,긍정
1280,긍정
1281,긍정
1282,긍정
1283,긍정
1284,긍정
1285,긍정
1286,긍정
1287,긍정
1288,긍정
1289,긍정
1290,긍정
1291,긍정
1292,긍정
1293,긍정
1294,긍정
1295,긍정
1296,긍정
1297,긍정
1298,긍정
1299,긍정
1300,긍정
1301,긍정
1302,긍정
1303,긍정
1304,긍정
1305,긍정
1306,긍정
1307,긍정
1308,긍정
1309,긍정
1310,긍정
1311,긍정
1312,긍정
1313,긍정
1314,긍정
1315,긍정
1316,긍정
1317,긍정
1318,긍정
1319,긍정
1320,긍정
1321,긍정
1322,긍정
1323,긍정
1324,긍정
1325,긍정
1326,긍정
1327,긍정
1328,긍정
1329,긍정
1330,긍정
1331,긍정
1332,긍정
1333,긍정
1334,긍정
1335,긍정
1336,긍정
1337,긍정
1338,긍정
1339,긍정
1340,negative
1341,긍정
1342,긍정
1343,긍정
1344,긍정
1345,긍정
1346,긍정
1347,긍정
1348,긍정
1349,긍정
1350,긍정
1351,긍정
1352,긍정
1353,긍정
1354,긍정
1355,긍정
1356,긍정
1357,긍정
1358,긍정
1359,긍정
1360,긍정
1361,긍정
1362,긍정
1363,부정
1364,긍정
1365,긍정
1366,긍정
1367,긍정
1368,긍정
1369,긍정
1370,긍정
1371,긍정
1372,긍정
1373,긍정
1374,긍정
1375,부정
1376,부정
1377,긍정
1378,긍정
1379,긍정
1380,긍정
1381,긍정
1382,긍정
1383,긍정
1384,긍정
1385,긍정
1386,긍정
1387,긍정
1388,긍정
1389,긍정
1390,긍정
1391,긍정
1392,긍정
1393,긍정
1394,부정
1395,긍정
1396,긍정
1397,긍정
1398,긍정
1399,긍정
1400,긍정
1401,긍정
1402,긍정
1403,긍정
1404,긍정
1405,긍정
1406,긍정
1407,긍정
1408,긍정
1409,긍정
1410,긍정
1411,긍정
1412,긍정
1413,긍정
1414,부정
1415,긍정
1416,긍정
1417,긍정
1418,긍정
1419,긍정
1420,긍정
1421,긍정
1422,긍정
1423,긍정
1424,긍정
1425,긍정
1426,긍정
1427,긍정
1428,긍정
1429,긍정
1430,긍정
1431,긍정
1432,긍정
1433,긍정
1434,긍정
1435,긍정
1436,부정
1437,긍정
1438,긍정
1439,긍정
1440,긍정
1441,긍정
1442,긍정
1443,긍정
1444,긍정
1445,긍정
1446,긍정
1447,긍정
1448,긍정
1449,긍정
1450,긍정
1451,긍정
1452,긍정
1453,긍정
1454,긍정
1455,부정
1456,긍정
1457,긍정
1458,긍정
1459,긍정
1460,긍정
1461,긍정
1462,긍정
1463,긍정
1464,긍정
1465,긍정
1466,긍정
1467,긍정
1468,긍정
1469,긍정
1470,긍정
1471,긍정
1472,긍정
1473,긍정
1474,긍정
1475,긍정
1476,긍정
1477,긍정
1478,긍정
1479,긍정
1480,긍정
1481,긍정
1482,긍정
1483,긍정
1484,긍정
1485,긍정
1486,긍정
1487,긍정
1488,긍정
1489,긍정
1490,긍정
1491,긍정
1492,긍정
1493,긍정
1494,긍정
1495,긍정
1496,긍정
1497,긍정
1498,긍정
1499,긍정
1500,긍정
1501,긍정
1502,긍정
1503,긍정
1504,긍정
1505,긍정
1506,긍정
1507,긍정
1508,긍정
1509,긍정
1510,긍정
1511,긍정
1512,긍정
1513,긍정
1514,긍정
1515,긍정
1516,긍정
1517,긍정
1518,긍정
1519,긍정
1520,긍정
1521,긍정
1522,긍정
1523,긍정
1524,긍정
1525,긍정
1526,긍정
1527,긍정
1528,긍정
1529,긍정
1530,긍정
1531,긍정
1532,긍정
1533,긍정
1534,긍정
1535,긍정
1536,긍정
1537,긍정
1538,긍정
1539,긍정
1540,긍정
1541,긍정
1542,긍정
1543,긍정
1544,긍정
1545,긍정
1546,긍정
1547,긍정
1548,긍정
1549,긍정
1550,긍정
1551,긍정
1552,긍정
1553,긍정
1554,긍정
1555,긍정
1556,부정
1557,긍정
1558,긍정
1559,긍정
1560,긍정
1561,긍정
1562,긍정
1563,긍정
1564,긍정
1565,긍정
1566,부정
1567,긍정
1568,긍정
1569,긍정
1570,긍정
1571,긍정
1572,긍정
1573,긍정
1574,긍정
1575,긍정
1576,긍정
1577,긍정
1578,긍정
1579,긍정
1580,긍정
1581,긍정
1582,긍정
1583,긍정
1584,긍정
1585,긍정
1586,긍정
1587,긍정
1588,긍정
1589,긍정
1590,긍정
1591,긍정
1592,긍정
1593,긍정
1594,부정
1595,긍정
1596,긍정
1597,긍정
1598,긍정
1599,긍정
1600,긍정
1601,긍정
1602,긍정
1603,긍정
1604,긍정
1605,긍정
1606,긍정
1607,긍정
1608,긍정
1609,긍정
1610,긍정
1611,긍정
1612,긍정
1613,긍정
1614,긍정
1615,긍정
1616,긍정
1617,긍정
1618,긍정
1619,긍정
1620,긍정
1621,긍정
1622,긍정
1623,긍정
1624,긍정
1625,긍정
1626,긍정
1627,긍정
1628,긍정
1629,긍정
1630,긍정
1631,긍정
1632,긍정
1633,긍정
1634,긍정
1635,긍정
1636,긍정
1637,긍정
1638,긍정
1639,긍정
1640,긍정
1641,긍정
1642,긍정
1643,긍정
1644,긍정
1645,긍정
1646,긍정
1647,긍정
1648,긍정
1649,긍정
1650,긍정
1651,긍정
1652,긍정
1653,긍정
1654,긍정
1655,긍정
1656,긍정
1657,긍정
1658,긍정
1659,긍정
1660,긍정
1661,긍정
1662,긍정
1663,긍정
1664,부정
1665,긍정
1666,긍정
1667,긍정
1668,긍정
1669,긍정
1670,긍정
1671,긍정
1672,긍정
1673,긍정
1674,긍정
1675,긍정
1676,긍정
1677,긍정
1678,긍정
1679,긍정
1680,긍정
1681,긍정
1682,긍정
1683,긍정
1684,긍정
1685,긍정
1686,긍정
1687,긍정
1688,긍정
1689,긍정
1690,긍정
1691,긍정
1692,긍정
1693,긍정
1694,긍정
1695,긍정
1696,긍정
1697,긍정
1698,긍정
1699,긍정
1700,긍정
1701,긍정
1702,긍정
1703,긍정
1704,긍정
1705,긍정
1706,긍정
1707,긍정
1708,긍정
1709,긍정
1710,긍정
1711,긍정
1712,긍정
1713,긍정
1714,긍정
1715,긍정
1716,긍정
1717,긍정
1718,긍정
1719,긍정
1720,긍정
1721,긍정
1722,긍정
1723,긍정
1724,긍정
1725,긍정
1726,긍정
1727,긍정
1728,긍정
1729,긍정
1730,긍정
1731,부정
1732,긍정
1733,긍정
1734,긍정
1735,긍정
1736,긍정
1737,긍정
1738,긍정
1739,긍정
1740,긍정
1741,긍정
1742,긍정
1743,긍정
1744,긍정
1745,긍정
1746,긍정
1747,긍정
1748,긍정
1749,긍정
1750,긍정
1751,긍정
1752,긍정
1753,긍정
1754,긍정
1755,긍정
1756,긍정
1757,긍정
1758,긍정
1759,긍정
1760,긍정
1761,부정
1762,긍정
1763,긍정
1764,긍정
1765,긍정
1766,긍정
1767,긍정
1768,긍정
1769,긍정
1770,긍정
1771,긍정
1772,긍정
1773,긍정
1774,부정
1775,긍정
1776,긍정
1777,긍정
1778,긍정
1779,긍정
1780,긍정
1781,긍정
1782,긍정
1783,긍정
1784,긍정
1785,긍정
1786,긍정
1787,긍정
1788,긍정
1789,긍정
1790,긍정
1791,긍정
1792,긍정
1793,긍정
1794,긍정
1795,긍정
1796,긍정
1797,긍정
1798,긍정
1799,긍정
1800,긍정
1801,긍정
1802,긍정
1803,긍정
1804,긍정
1805,긍정
1806,긍정
1807,긍정
1808,긍정
1809,긍정
1810,긍정
1811,부정
1812,긍정
1813,긍정
1814,긍정
1815,긍정
1816,긍정
1817,긍정
1818,긍정
1819,긍정
1820,긍정
1821,긍정
1822,긍정
1823,긍정
1824,긍정
1825,긍정
1826,긍정
1827,긍정
1828,긍정
1829,긍정
1830,긍정
1831,긍정
1832,긍정
1833,긍정
1834,긍정
1835,부정
1836,긍정
1837,긍정
1838,긍정
1839,긍정
1840,긍정
1841,긍정
1842,긍정
1843,긍정
1844,긍정
1845,긍정
1846,긍정
1847,긍정
1848,긍정
1849,긍정
1850,긍정
1851,긍정
1852,긍정
1853,부정
1854,긍정
1855,긍정
1856,긍정
1857,긍정
1858,긍정
1859,긍정
1860,긍정
1861,긍정
1862,긍정
1863,긍정
1864,긍정
1865,긍정
1866,긍정
1867,긍정
1868,긍정
1869,긍정
1870,긍정
1871,긍정
1872,긍정
1873,긍정
1874,긍정
1875,긍정
1876,긍정
1877,긍정
1878,긍정
1879,긍정
1880,긍정
1881,긍정
1882,긍정
1883,긍정
1884,긍정
1885,긍정
1886,긍정
1887,긍정
1888,긍정
1889,긍정
1890,긍정
1891,긍정
1892,긍정
1893,긍정
1894,긍정
1895,긍정
1896,긍정
1897,긍정
1898,긍정
1899,긍정
1900,긍정
1901,부정
1902,긍정
1903,긍정
1904,긍정
1905,긍정
1906,긍정
1907,긍정
1908,긍정
1909,긍정
1910,긍정
1911,긍정
1912,긍정
1913,긍정
1914,긍정
1915,긍정
1916,긍정
1917,긍정
1918,긍정
1919,긍정
1920,긍정
1921,긍정
1922,긍정
1923,긍정
1924,긍정
1925,부정
1926,긍정
1927,긍정
1928,긍정
1929,긍정
1930,긍정
1931,긍정
1932,긍정
1933,긍정
1934,긍정
1935,긍정
1936,긍정
1937,긍정
1938,긍정
1939,긍정
1940,긍정
1941,긍정
1942,긍정
1943,부정
1944,긍정
1945,긍정
1946,긍정
1947,긍정
1948,긍정
1949,긍정
1950,긍정
1951,긍정
1952,긍정
1953,긍정
1954,긍정
1955,긍정
1956,긍정
1957,긍정
1958,긍정
1959,긍정
1960,긍정
1961,긍정
1962,긍정
1963,긍정
1964,긍정
1965,긍정
1966,긍정
1967,긍정
1968,긍정
1969,긍정
1970,긍정
1971,긍정
1972,긍정
1973,긍정
1974,긍정
1975,긍정
1976,긍정
1977,긍정
1978,긍정
1979,긍정
1980,긍정
1981,긍정
1982,긍정
1983,긍정
1984,긍정
1985,긍정
1986,긍정
1987,긍정
1988,긍정
1989,긍정
1990,긍정
1991,긍정
1992,긍정
1993,부정
1994,긍정
1995,긍정
1996,긍정
1997,긍정
1998,긍정
1999,긍정
2000,긍정
2001,긍정
2002,긍정
2003,긍정
2004,긍정
2005,긍정
2006,긍정
2007,긍정
2008,긍정
2009,긍정
2010,긍정
2011,긍정
2012,긍정
2013,긍정
2014,긍정
2015,긍정
2016,긍정
2017,긍정
2018,긍정
2019,긍정
2020,긍정
2021,긍정
2022,긍정
2023,긍정
2024,긍정
2025,긍정
2026,긍정
2027,positive
2028,긍정
2029,positive
2030,긍정
2031,긍정
2032,긍정
2033,positive
2034,긍정
2035,긍정
2036,긍정
2037,긍정
2038,긍정
2039,긍정
2040,positive
2041,긍정
2042,긍정
2043,긍정
2044,긍정
2045,positive
2046,positive
2047,긍정
2048,positive
2049,긍정
2050,긍정
2051,긍정
2052,긍정
2053,긍정
2054,긍정
2055,긍정
2056,긍정
2057,긍정
2058,긍정
2059,긍정
2060,긍정
2061,긍정
2062,긍정
2063,긍정
2064,긍정
2065,긍정
2066,positive
2067,긍정
2068,긍정
2069,긍정
2070,긍정
2071,긍정
2072,긍정
2073,긍정
2074,긍정
2075,긍정
2076,긍정
2077,긍정
2078,긍정
2079,긍정
2080,긍정
2081,긍정
2082,긍정
2083,긍정
2084,긍정
2085,긍정
2086,긍정
2087,긍정
2088,긍정
2089,긍정
2090,긍정
2091,긍정
2092,긍정
2093,긍정
2094,부정
2095,긍정
2096,긍정
2097,긍정
2098,긍정
2099,긍정
2100,긍정
2101,긍정
2102,긍정
2103,긍정
2104,긍정
2105,긍정
2106,긍정
2107,긍정
2108,긍정
2109,긍정
2110,긍정
2111,긍정
2112,긍정
2113,긍정
2114,긍정
2115,긍정
2116,긍정
2117,긍정
2118,긍정
2119,긍정
2120,긍정
2121,긍정
2122,긍정
2123,긍정
2124,부정
2125,긍정
2126,긍정
2127,긍정
2128,긍정
2129,긍정
2130,긍정
2131,긍정
2132,긍정
2133,긍정
2134,긍정
2135,긍정
2136,긍정
2137,긍정
2138,긍정
2139,긍정
2140,긍정
2141,긍정
2142,긍정
2143,긍정
2144,부정
2145,부정
2146,긍정
2147,긍정
2148,긍정
2149,긍정
2150,긍정
2151,긍정
2152,긍정
2153,부정
2154,긍정
2155,긍정
2156,긍정
2157,긍정
2158,긍정
2159,긍정
2160,긍정
2161,긍정
2162,긍정
2163,긍정
2164,긍정
2165,긍정
2166,긍정
2167,긍정
2168,긍정
2169,긍정
2170,긍정
2171,긍정
2172,긍정
2173,긍정
2174,긍정
2175,긍정
2176,부정
2177,긍정
2178,긍정
2179,긍정
2180,긍정
2181,긍정
2182,긍정
2183,긍정
2184,긍정
2185,부정
2186,긍정
2187,긍정
2188,긍정
2189,긍정
2190,긍정
2191,긍정
2192,긍정
2193,긍정
2194,긍정
2195,긍정
2196,긍정
2197,긍정
2198,긍정
2199,긍정
2200,긍정
2201,긍정
2202,긍정
2203,긍정
2204,긍정
2205,긍정
2206,긍정
2207,긍정
2208,긍정
2209,긍정
2210,긍정
2211,긍정
2212,긍정
2213,긍정
2214,긍정
2215,긍정
2216,긍정
2217,부정
2218,긍정
2219,긍정
2220,긍정
2221,긍정
2222,긍정
2223,긍정
2224,긍정
2225,긍정
2226,긍정
2227,긍정
2228,긍정
2229,긍정
2230,긍정
2231,긍정
2232,긍정
2233,긍정
2234,긍정
2235,긍정
2236,긍정
2237,부정
2238,부정
2239,긍정
2240,긍정
2241,긍정
2242,긍정
2243,긍정
2244,긍정
2245,긍정
2246,부정
2247,긍정
2248,긍정
2249,긍정
2250,긍정
2251,긍정
2252,긍정
2253,긍정
2254,긍정
2255,긍정
2256,긍정
2257,긍정
2258,긍정
2259,긍정
2260,긍정
2261,긍정
2262,긍정
2263,긍정
2264,긍정
2265,긍정
2266,긍정
2267,긍정
2268,긍정
2269,부정
2270,부정
2271,긍정
2272,긍정
2273,긍정
2274,긍정
2275,긍정
2276,긍정
2277,긍정
2278,긍정
2279,긍정
2280,긍정
2281,긍정
2282,긍정
2283,긍정
2284,긍정
2285,긍정
2286,긍정
2287,긍정
2288,긍정
2289,긍정
2290,긍정
2291,부정
2292,긍정
2293,긍정
2294,긍정
2295,긍정
2296,긍정
2297,긍정
2298,긍정
2299,긍정
2300,긍정
2301,긍정
2302,긍정
2303,긍정
2304,긍정
2305,긍정
2306,긍정
2307,긍정
2308,긍정
2309,긍정
2310,긍정
2311,긍정
2312,긍정
2313,긍정
2314,긍정
2315,긍정
2316,긍정
2317,긍정
2318,긍정
2319,긍정
2320,부정
2321,긍정
2322,긍정
2323,긍정
2324,긍정
2325,긍정
2326,긍정
2327,부정
2328,긍정
2329,긍정
2330,긍정
2331,긍정
2332,긍정
2333,긍정
2334,긍정
2335,긍정
2336,긍정
2337,Negative
2338,긍정
2339,부정
2340,긍정
2341,긍정
2342,긍정
2343,긍정
2344,긍정
2345,긍정
2346,긍정
2347,긍정
2348,부정
2349,긍정
2350,긍정
2351,긍정
2352,긍정
2353,긍정
2354,긍정
2355,긍정
2356,긍정
2357,긍정
2358,긍정
2359,긍정
2360,negative
2361,negative
2362,긍정
2363,긍정
2364,긍정
2365,negative
2366,긍정
2367,긍정
2368,긍정
2369,긍정
2370,긍정
2371,긍정
2372,부정
2373,긍정
2374,긍정
2375,긍정
2376,긍정
2377,긍정
2378,긍정
2379,부정
2380,긍정
2381,긍정
2382,긍정
2383,긍정
2384,긍정
2385,긍정
2386,부정
2387,긍정
2388,긍정
2389,부정
2390,긍정
2391,긍정
2392,긍정
2393,긍정
2394,부정
2395,부정
2396,긍정
2397,긍정
2398,긍정
2399,긍정
2400,긍정
2401,긍정
2402,긍정
2403,긍정
2404,긍정
2405,부정
2406,긍정
2407,긍정
2408,긍정
2409,긍정
2410,긍정
2411,긍정
2412,긍정
2413,긍정
2414,긍정
2415,긍정
2416,긍정
2417,긍정
2418,긍정
2419,긍정
2420,긍정
2421,부정
2422,긍정
2423,긍정
2424,긍정
2425,긍정
2426,긍정
2427,긍정
2428,긍정
2429,긍정
2430,긍정
2431,긍정
2432,긍정
2433,긍정
2434,긍정
2435,긍정
2436,긍정
2437,긍정
2438,긍정
2439,긍정
2440,negative
2441,긍정
2442,긍정
2443,긍정
2444,부정
2445,긍정
2446,긍정
2447,긍정
2448,긍정
2449,긍정
2450,긍정
2451,긍정
2452,긍정
2453,긍정
2454,긍정
2455,긍정
2456,긍정
2457,긍정
2458,긍정
2459,긍정
2460,긍정
2461,긍정
2462,긍정
2463,긍정
2464,긍정
2465,긍정
2466,긍정
2467,긍정
2468,긍정
2469,긍정
2470,긍정
2471,긍정
2472,긍정
2473,긍정
2474,긍정
2475,긍정
2476,긍정
2477,긍정
2478,긍정
2479,긍정
2480,긍정
2481,긍정
2482,긍정
2483,긍정
2484,긍정
2485,긍정
2486,긍정
2487,긍정
2488,긍정
2489,긍정
2490,긍정
2491,긍정
2492,긍정
2493,긍정
2494,긍정
2495,긍정
2496,긍정
2497,긍정
2498,긍정
2499,긍정
2500,긍정
2501,긍정
2502,긍정
2503,긍정
2504,긍정
2505,긍정
2506,긍정
2507,긍정
2508,긍정
2509,긍정
2510,긍정
2511,긍정
2512,긍정
2513,긍정
2514,긍정
2515,긍정
2516,긍정
2517,긍정
2518,긍정
2519,긍정
2520,긍정
2521,긍정
2522,긍정
2523,긍정
2524,긍정
2525,긍정
2526,긍정
2527,긍정
2528,긍정
2529,긍정
2530,긍정
2531,긍정
2532,긍정
2533,긍정
2534,긍정
2535,긍정
2536,긍정
2537,긍정
2538,긍정
2539,긍정
2540,긍정
2541,긍정
2542,긍정
2543,부정
2544,긍정
2545,긍정
2546,긍정
2547,부정
2548,부정
2549,긍정
2550,긍정
2551,긍정
2552,긍정
2553,긍정
2554,긍정
2555,긍정
2556,긍정
2557,긍정
2558,긍정
2559,긍정
2560,긍정
2561,긍정
2562,긍정
2563,긍정
2564,긍정
2565,긍정
2566,긍정
2567,긍정
2568,긍정
2569,긍정
2570,긍정
2571,긍정
2572,긍정
2573,긍정
2574,긍정
2575,긍정
2576,긍정
2577,긍정
2578,긍정
2579,긍정
2580,긍정
2581,긍정
2582,긍정
2583,긍정
2584,긍정
2585,긍정
2586,긍정
2587,긍정
2588,긍정
2589,긍정
2590,긍정
2591,긍정
2592,negative
2593,긍정
2594,긍정
2595,긍정
2596,긍정
2597,positive
2598,긍정
2599,긍정
2600,긍정
2601,긍정
2602,긍정
2603,긍정
2604,긍정
2605,긍정
2606,부정
2607,긍정
2608,긍정
2609,긍정
2610,긍정
2611,긍정
2612,긍정
2613,긍정
2614,긍정
2615,긍정
2616,긍정
2617,긍정
2618,긍정
2619,긍정
2620,긍정
2621,긍정
2622,긍정
2623,긍정
2624,긍정
2625,긍정
2626,긍정
2627,긍정
2628,긍정
2629,긍정
2630,긍정
2631,긍정
2632,긍정
2633,긍정
2634,긍정
2635,긍정
2636,긍정
2637,긍정
2638,긍정
2639,긍정
2640,긍정
2641,긍정
2642,긍정
2643,negative
2644,긍정
2645,긍정
2646,긍정
2647,긍정
2648,긍정
2649,긍정
2650,긍정
2651,긍정
2652,긍정
2653,긍정
2654,긍정
2655,부정
2656,부정
2657,긍정
2658,긍정
2659,긍정
2660,긍정
2661,긍정
2662,긍정
2663,긍정
2664,긍정
2665,긍정
2666,긍정
2667,긍정
2668,긍정
2669,긍정
2670,긍정
2671,긍정
2672,긍정
2673,긍정
2674,긍정
2675,긍정
2676,부정
2677,긍정
2678,긍정
2679,긍정
2680,긍정
2681,긍정
2682,긍정
2683,긍정
2684,긍정
2685,긍정
2686,긍정
2687,긍정
2688,긍정
2689,긍정
2690,긍정
2691,긍정
2692,긍정
2693,긍정
2694,긍정
2695,긍정
2696,긍정
2697,긍정
2698,부정
2699,긍정
2700,긍정
2701,긍정
2702,긍정
2703,긍정
2704,긍정
2705,긍정
2706,긍정
2707,긍정
2708,긍정
2709,긍정
2710,긍정
2711,긍정
2712,긍정
2713,긍정
2714,긍정
2715,긍정
2716,긍정
2717,긍정
2718,긍정
2719,긍정
2720,긍정
2721,긍정
2722,긍정
2723,긍정
2724,긍정
2725,긍정
2726,긍정
2727,긍정
2728,긍정
2729,긍정
2730,부정
2731,긍정
2732,긍정
2733,긍정
2734,긍정
2735,긍정
2736,긍정
2737,긍정
2738,긍정
2739,긍정
2740,긍정
2741,긍정
2742,긍정
2743,긍정
2744,부정
2745,긍정
2746,긍정
2747,긍정
2748,긍정
2749,긍정
2750,긍정
2751,긍정
2752,긍정
2753,긍정
2754,긍정
2755,긍정
2756,긍정
2757,긍정
2758,긍정
2759,긍정
2760,긍정
2761,긍정
2762,긍정
2763,긍정
2764,긍정
2765,긍정
2766,긍정
2767,긍정
2768,긍정
2769,긍정
2770,negative
2771,긍정
2772,긍정
2773,긍정
2774,긍정
2775,부정
2776,긍정
2777,긍정
2778,긍정
2779,긍정
2780,긍정
2781,긍정
2782,긍정
2783,긍정
2784,긍정
2785,부정
2786,긍정
2787,긍정
2788,긍정
2789,긍정
2790,긍정
2791,긍정
2792,긍정
2793,긍정
2794,부정
2795,긍정
2796,긍정
2797,긍정
2798,긍정
2799,긍정
2800,긍정
2801,긍정
2802,긍정
2803,긍정
2804,긍정
2805,긍정
2806,긍정
2807,긍정
2808,긍정
2809,긍정
2810,긍정
2811,긍정
2812,긍정
2813,긍정
2814,긍정
2815,긍정
2816,긍정
2817,긍정
2818,긍정
2819,긍정
2820,negative
2821,긍정
2822,긍정
2823,긍정
2824,negative
2825,긍정
2826,긍정
2827,긍정
2828,긍정
2829,긍정
2830,긍정
2831,부정
2832,긍정
2833,긍정
2834,긍정
2835,긍정
2836,긍정
2837,긍정
2838,부정
2839,긍정
2840,긍정
2841,긍정
2842,긍정
2843,긍정
2844,긍정
2845,부정
2846,긍정
2847,긍정
2848,부정
2849,긍정
2850,긍정
2851,긍정
2852,negative
2853,부정
2854,긍정
2855,긍정
2856,긍정
2857,긍정
2858,긍정
2859,긍정
2860,긍정
2861,긍정
2862,긍정
2863,부정
2864,긍정
2865,긍정
2866,긍정
2867,긍정
2868,긍정
2869,긍정
2870,긍정
2871,긍정
2872,긍정
2873,긍정
2874,긍정
2875,긍정
2876,긍정
2877,긍정
2878,긍정
2879,긍정
2880,긍정
2881,긍정
2882,긍정
2883,긍정
2884,긍정
2885,긍정
2886,긍정
2887,긍정
2888,긍정
2889,긍정
2890,긍정
2891,긍정
2892,긍정
2893,긍정
2894,negative
2895,긍정
2896,긍정
2897,부정
2898,긍정
2899,긍정
2900,긍정
2901,긍정
2902,긍정
2903,긍정
2904,긍정
2905,긍정
2906,긍정
2907,긍정
2908,긍정
2909,긍정
2910,긍정
2911,긍정
2912,긍정
2913,긍정
2914,긍정
2915,긍정
2916,negative
2917,긍정
2918,부정
2919,긍정
2920,긍정
2921,긍정
2922,긍정
2923,긍정
2924,긍정
2925,긍정
2926,긍정
2927,긍정
2928,긍정
2929,긍정
2930,긍정
2931,긍정
2932,긍정
2933,긍정
2934,긍정
2935,긍정
2936,긍정
2937,긍정
2938,긍정
2939,negative
2940,긍정
2941,긍정
2942,부정
2943,긍정
2944,긍정
2945,긍정
2946,긍정
2947,긍정
2948,긍정
2949,긍정
2950,긍정
2951,긍정
2952,긍정
2953,긍정
2954,긍정
2955,긍정
2956,긍정
2957,긍정
2958,긍정
2959,긍정
2960,긍정
2961,긍정
2962,긍정
2963,긍정
2964,긍정
2965,긍정
2966,긍정
2967,긍정
2968,긍정
2969,긍정
2970,긍정
2971,긍정
2972,긍정
2973,긍정
2974,긍정
2975,긍정
2976,긍정
2977,긍정
2978,긍정
2979,긍정
2980,긍정
2981,부정
2982,긍정
2983,긍정
2984,긍정
2985,긍정
2986,긍정
2987,긍정
2988,긍정
2989,긍정
2990,긍정
2991,긍정
2992,긍정
2993,긍정
2994,긍정
2995,부정
2996,긍정
2997,긍정
2998,긍정
2999,긍정
3000,긍정
3001,긍정
3002,긍정
3003,긍정
3004,긍정
3005,긍정
3006,긍정
3007,긍정
3008,긍정
3009,긍정
3010,긍정
3011,긍정
3012,긍정
3013,긍정
3014,긍정
3015,긍정
3016,긍정
3017,긍정
3018,긍정
3019,긍정
3020,긍정
3021,긍정
3022,긍정
3023,긍정
3024,부정
3025,부정
3026,긍정
3027,긍정
3028,긍정
3029,긍정
3030,긍정
3031,긍정
3032,긍정
3033,긍정
3034,긍정
3035,긍정
3036,긍정
3037,긍정
3038,긍정
3039,긍정
3040,긍정
3041,긍정
3042,긍정
3043,긍정
3044,긍정
3045,긍정
3046,긍정
3047,긍정
3048,긍정
3049,긍정
3050,긍정
3051,긍정
3052,긍정
3053,긍정
3054,긍정
3055,긍정
3056,긍정
3057,긍정
3058,긍정
3059,긍정
3060,긍정
3061,긍정
3062,긍정
3063,긍정
3064,긍정
3065,긍정
3066,긍정
3067,긍정
3068,긍정
3069,긍정
3070,긍정
3071,긍정
3072,긍정
3073,긍정
3074,긍정
3075,긍정
3076,긍정
3077,긍정
3078,긍정
3079,긍정
3080,긍정
3081,긍정
3082,긍정
3083,긍정
3084,긍정
3085,긍정
3086,긍정
3087,긍정
3088,긍정
3089,긍정
3090,긍정
3091,부정
3092,긍정
3093,긍정
3094,긍정
3095,긍정
3096,긍정
3097,긍정
3098,긍정
3099,긍정
3100,긍정
3101,긍정
3102,긍정
3103,긍정
3104,긍정
3105,긍정
3106,긍정
3107,긍정
3108,긍정
3109,긍정
3110,긍정
3111,긍정
3112,긍정
3113,긍정
3114,긍정
3115,긍정
3116,긍정
3117,긍정
3118,긍정
3119,긍정
3120,긍정
3121,긍정
3122,긍정
3123,부정
3124,긍정
3125,긍정
3126,긍정
3127,긍정
3128,긍정
3129,긍정
3130,긍정
3131,긍정
3132,긍정
3133,긍정
3134,긍정
3135,긍정
3136,긍정
3137,긍정
3138,긍정
3139,긍정
3140,부정
3141,긍정
3142,긍정
3143,부정
3144,긍정
3145,긍정
3146,긍정
3147,긍정
3148,긍정
3149,긍정
3150,긍정
3151,긍정
3152,긍정
3153,긍정
3154,긍정
3155,긍정
3156,긍정
3157,긍정
3158,긍정
3159,긍정
3160,긍정
3161,긍정
3162,긍정
3163,긍정
3164,긍정
3165,긍정
3166,긍정
3167,긍정
3168,긍정
3169,긍정
3170,긍정
3171,긍정
3172,긍정
3173,긍정
3174,긍정
3175,긍정
3176,긍정
3177,긍정
3178,긍정
3179,긍정
3180,positive
3181,긍정
3182,긍정
3183,긍정
3184,긍정
3185,긍정
3186,긍정
3187,긍정
3188,긍정
3189,긍정
3190,긍정
3191,긍정
3192,긍정
3193,긍정
3194,긍정
3195,긍정
3196,긍정
3197,긍정
3198,긍정
3199,긍정
3200,긍정
3201,긍정
3202,긍정
3203,긍정
3204,긍정
3205,긍정
3206,긍정
3207,긍정
3208,긍정
3209,긍정
3210,긍정
3211,긍정
3212,긍정
3213,긍정
3214,긍정
3215,긍정
3216,긍정
3217,긍정
3218,긍정
3219,긍정
3220,긍정
3221,긍정
3222,긍정
3223,긍정
3224,긍정
3225,긍정
3226,긍정
3227,긍정
3228,긍정
3229,긍정
3230,긍정
3231,긍정
3232,긍정
3233,긍정
3234,긍정
3235,긍정
3236,긍정
3237,긍정
3238,긍정
3239,긍정
3240,긍정
3241,긍정
3242,긍정
3243,긍정
3244,긍정
3245,긍정
3246,긍정
3247,긍정
3248,긍정
3249,긍정
3250,긍정
3251,긍정
3252,긍정
3253,긍정
3254,긍정
3255,긍정
3256,긍정
3257,긍정
3258,긍정
3259,긍정
3260,긍정
3261,긍정
3262,긍정
3263,긍정
3264,긍정
3265,부정
3266,긍정
3267,긍정
3268,긍정
3269,긍정
3270,긍정
3271,긍정
3272,긍정
3273,긍정
3274,긍정
3275,긍정
3276,긍정
3277,긍정
3278,긍정
3279,긍정
3280,긍정
3281,긍정
3282,긍정
3283,negative
3284,긍정
3285,긍정
3286,긍정
3287,긍정
3288,긍정
3289,긍정
3290,긍정
3291,긍정
3292,긍정
3293,긍정
3294,긍정
3295,부정
3296,부정
3297,긍정
3298,긍정
3299,긍정
3300,긍정
3301,긍정
3302,긍정
3303,긍정
3304,긍정
3305,긍정
3306,긍정
3307,긍정
3308,긍정
3309,긍정
3310,긍정
3311,긍정
3312,긍정
3313,긍정
3314,negative
3315,긍정
3316,긍정
3317,긍정
3318,긍정
3319,긍정
3320,긍정
3321,긍정
3322,긍정
3323,긍정
3324,긍정
3325,긍정
3326,긍정
3327,긍정
3328,긍정
3329,긍정
3330,긍정
3331,"긍정
"
3332,긍정
3333,긍정
3334,부정
3335,긍정
3336,긍정
3337,긍정
3338,긍정
3339,긍정
3340,긍정
3341,긍정
3342,긍정
3343,긍정
3344,긍정
3345,긍정
3346,긍정
3347,긍정
3348,긍정
3349,긍정
3350,긍정
3351,긍정
3352,긍정
3353,긍정
3354,긍정
3355,긍정
3356,negative
3357,긍정
3358,긍정
3359,긍정
3360,긍정
3361,긍정
3362,긍정
3363,긍정
3364,긍정
3365,긍정
3366,부정
3367,부정
3368,긍정
3369,긍정
3370,긍정
3371,긍정
3372,긍정
3373,긍정
3374,긍정
3375,긍정
3376,긍정
3377,긍정
3378,긍정
3379,긍정
3380,긍정
3381,긍정
3382,긍정
3383,긍정
3384,긍정
3385,긍정
3386,긍정
3387,긍정
3388,긍정
3389,긍정
3390,긍정
3391,긍정
3392,긍정
3393,긍정
3394,긍정
3395,긍정
3396,긍정
3397,긍정
3398,긍정
3399,긍정
3400,긍정
3401,긍정
3402,긍정
3403,negative
3404,긍정
3405,긍정
3406,긍정
3407,긍정
3408,positive
3409,긍정
3410,긍정
3411,긍정
3412,긍정
3413,긍정
3414,긍정
3415,긍정
3416,긍정
3417,부정
3418,긍정
3419,긍정
3420,긍정
3421,긍정
3422,긍정
3423,긍정
3424,긍정
3425,긍정
3426,긍정
3427,긍정
3428,긍정
3429,긍정
3430,긍정
3431,긍정
3432,긍정
3433,긍정
3434,긍정
3435,긍정
3436,긍정
3437,긍정
3438,긍정
3439,긍정
3440,긍정
3441,긍정
3442,긍정
3443,긍정
3444,긍정
3445,긍정
3446,긍정
3447,긍정
3448,긍정
3449,긍정
3450,긍정
3451,긍정
3452,긍정
3453,긍정
3454,긍정
3455,긍정
3456,긍정
3457,긍정
3458,긍정
3459,긍정
3460,긍정
3461,긍정
3462,긍정
3463,긍정
3464,긍정
3465,긍정
3466,긍정
3467,긍정
3468,긍정
3469,긍정
3470,긍정
3471,부정
3472,긍정
3473,긍정
3474,긍정
3475,긍정
3476,긍정
3477,긍정
3478,긍정
3479,긍정
3480,긍정
3481,긍정
3482,긍정
3483,긍정
3484,긍정
3485,긍정
3486,긍정
3487,긍정
3488,긍정
3489,긍정
3490,긍정
3491,긍정
3492,긍정
3493,긍정
3494,긍정
3495,긍정
3496,긍정
3497,긍정
3498,긍정
3499,긍정
3500,긍정
3501,부정
3502,긍정
3503,긍정
3504,긍정
3505,긍정
3506,긍정
3507,긍정
3508,긍정
3509,긍정
3510,긍정
3511,긍정
3512,긍정
3513,긍정
3514,긍정
3515,긍정
3516,긍정
3517,긍정
3518,긍정
3519,긍정
3520,긍정
3521,긍정
3522,긍정
3523,긍정
3524,긍정
3525,긍정
3526,긍정
3527,긍정
3528,긍정
3529,긍정
3530,긍정
3531,긍정
3532,긍정
3533,긍정
3534,긍정
3535,긍정
3536,긍정
3537,긍정
3538,긍정
3539,긍정
3540,긍정
3541,긍정
3542,긍정
3543,긍정
3544,긍정
3545,긍정
3546,긍정
3547,부정
3548,긍정
3549,긍정
3550,긍정
3551,긍정
3552,긍정
3553,긍정
3554,긍정
3555,긍정
3556,긍정
3557,긍정
3558,긍정
3559,긍정
3560,긍정
3561,긍정
3562,긍정
3563,긍정
3564,긍정
3565,긍정
3566,긍정
3567,부정
3568,긍정
3569,긍정
3570,긍정
3571,긍정
3572,긍정
3573,긍정
3574,부정
3575,긍정
3576,긍정
3577,긍정
3578,긍정
3579,긍정
3580,긍정
3581,긍정
3582,긍정
3583,긍정
3584,긍정
3585,긍정
3586,긍정
3587,긍정
3588,긍정
3589,긍정
3590,긍정
3591,긍정
3592,긍정
3593,긍정
3594,긍정
3595,긍정
3596,긍정
3597,긍정
3598,부정
3599,긍정
3600,긍정
3601,긍정
3602,긍정
3603,긍정
3604,긍정
3605,긍정
3606,긍정
3607,긍정
3608,긍정
3609,부정
3610,긍정
3611,긍정
3612,부정
3613,긍정
3614,긍정
3615,긍정
3616,긍정
3617,긍정
3618,긍정
3619,긍정
3620,긍정
3621,긍정
3622,긍정
3623,긍정
3624,긍정
3625,긍정
3626,긍정
3627,긍정
3628,긍정
3629,긍정
3630,긍정
3631,긍정
3632,부정
3633,긍정
3634,긍정
3635,긍정
3636,중립
3637,긍정
3638,긍정
3639,긍정
3640,긍정
3641,긍정
3642,긍정
3643,긍정
3644,긍정
3645,부정
3646,긍정
3647,긍정
3648,긍정
3649,긍정
3650,긍정
3651,positive
3652,긍정
3653,긍정
3654,긍정
3655,긍정
3656,긍정
3657,긍정
3658,긍정
3659,"긍정
"
3660,긍정
3661,긍정
3662,긍정
3663,긍정
3664,부정
3665,긍정
3666,긍정
3667,긍정
3668,긍정
3669,긍정
3670,긍정
3671,긍정
3672,긍정
3673,긍정
3674,긍정
3675,positive
3676,긍정
3677,긍정
3678,긍정
3679,긍정
3680,긍정
3681,긍정
3682,긍정
3683,긍정
3684,긍정
3685,긍정
3686,긍정
3687,긍정
3688,긍정
3689,긍정
3690,긍정
3691,긍정
3692,긍정
3693,긍정
3694,긍정
3695,positive
3696,긍정
3697,긍정
3698,긍정
3699,긍정
3700,긍정
3701,긍정
3702,긍정
3703,긍정
3704,긍정
3705,긍정
3706,긍정
3707,긍정
3708,긍정
3709,긍정
3710,긍정
3711,긍정
3712,긍정
3713,긍정
3714,긍정
3715,긍정
3716,긍정
3717,긍정
3718,긍정
3719,긍정
3720,긍정
3721,긍정
3722,부정
3723,긍정
3724,긍정
3725,긍정
3726,부정
3727,긍정
3728,긍정
3729,긍정
3730,긍정
3731,긍정
3732,긍정
3733,긍정
3734,부정
3735,긍정
3736,긍정
3737,긍정
3738,긍정
3739,긍정
3740,positive
3741,긍정
3742,긍정
3743,긍정
3744,긍정
3745,긍정
3746,긍정
3747,긍정
3748,긍정
3749,긍정
3750,긍정
3751,긍정
3752,긍정
3753,부정
3754,긍정
3755,긍정
3756,긍정
3757,긍정
3758,긍정
3759,긍정
3760,긍정
3761,긍정
3762,positive
3763,긍정
3764,긍정
3765,긍정
3766,긍정
3767,긍정
3768,긍정
3769,긍정
3770,긍정
3771,긍정
3772,긍정
3773,긍정
3774,긍정
3775,positive
3776,긍정
3777,긍정
3778,긍정
3779,긍정
3780,긍정
3781,긍정
3782,Positive
3783,긍정
3784,긍정
3785,긍정
3786,긍정
3787,긍정
3788,긍정
3789,긍정
3790,긍정
3791,positive
3792,긍정
3793,긍정
3794,긍정
3795,긍정
3796,긍정
3797,긍정
3798,긍정
3799,긍정
3800,긍정
3801,긍정
3802,positive
3803,긍정
3804,긍정
3805,긍정
3806,긍정
3807,긍정
3808,긍정
3809,긍정
3810,긍정
3811,긍정
3812,긍정
3813,긍정
3814,긍정
3815,긍정
3816,긍정
3817,긍정
3818,긍정
3819,긍정
3820,부정
3821,긍정
3822,긍정
3823,긍정
3824,긍정
3825,긍정
3826,긍정
3827,긍정
3828,긍정
3829,부정
3830,부정
3831,중립
3832,긍정
3833,긍정
3834,긍정
3835,긍정
3836,긍정
3837,부정
3838,긍정
3839,긍정
3840,긍정
3841,긍정
3842,긍정
3843,긍정
3844,긍정
3845,긍정
3846,긍정
3847,긍정
3848,긍정
3849,긍정
3850,긍정
3851,긍정
3852,긍정
3853,긍정
3854,긍정
3855,긍정
3856,긍정
3857,긍정
3858,긍정
3859,긍정
3860,긍정
3861,긍정
3862,positive
3863,긍정
3864,긍정
3865,긍정
3866,긍정
3867,긍정
3868,긍정
3869,positive
3870,긍정
3871,긍정
3872,긍정
3873,긍정
3874,긍정
3875,긍정
3876,긍정
3877,긍정
3878,긍정
3879,긍정
3880,긍정
3881,긍정
3882,긍정
3883,긍정
3884,긍정
3885,긍정
3886,부정
3887,긍정
3888,긍정
3889,긍정
3890,긍정
3891,긍정
3892,긍정
3893,긍정
3894,긍정
3895,긍정
3896,긍정
3897,긍정
3898,긍정
3899,긍정
3900,긍정
3901,긍정
3902,긍정
3903,긍정
3904,긍정
3905,긍정
3906,긍정
3907,긍정
3908,긍정
3909,긍정
3910,긍정
3911,긍정
3912,긍정
3913,긍정
3914,긍정
3915,긍정
3916,긍정
3917,부정
3918,긍정
3919,긍정
3920,긍정
3921,긍정
3922,긍정
3923,긍정
3924,긍정
3925,긍정
3926,긍정
3927,긍정
3928,긍정
3929,긍정
3930,긍정
3931,긍정
3932,긍정
3933,긍정
3934,긍정
3935,긍정
3936,긍정
3937,부정
3938,부정
3939,긍정
3940,긍정
3941,긍정
3942,긍정
3943,긍정
3944,긍정
3945,긍정
3946,부정
3947,긍정
3948,긍정
3949,긍정
3950,긍정
3951,긍정
3952,긍정
3953,긍정
3954,긍정
3955,긍정
3956,긍정
3957,긍정
3958,긍정
3959,긍정
3960,긍정
3961,긍정
3962,긍정
3963,긍정
3964,긍정
3965,긍정
3966,긍정
3967,긍정
3968,긍정
3969,부정
3970,부정
3971,긍정
3972,긍정
3973,긍정
3974,긍정
3975,긍정
3976,긍정
3977,긍정
3978,긍정
3979,긍정
3980,긍정
3981,긍정
3982,긍정
3983,긍정
3984,부정
3985,긍정
3986,긍정
3987,긍정
3988,긍정
3989,긍정
3990,긍정
3991,긍정
3992,긍정
3993,긍정
3994,긍정
3995,긍정
3996,긍정
3997,긍정
3998,긍정
3999,긍정
4000,긍정
4001,긍정
4002,긍정
4003,긍정
4004,긍정
4005,긍정
4006,긍정
4007,긍정
4008,긍정
4009,긍정
4010,부정
4011,긍정
4012,긍정
4013,긍정
4014,긍정
4015,부정
4016,긍정
4017,긍정
4018,긍정
4019,긍정
4020,긍정
4021,긍정
4022,긍정
4023,긍정
4024,긍정
4025,부정
4026,긍정
4027,긍정
4028,긍정
4029,긍정
4030,긍정
4031,긍정
4032,긍정
4033,긍정
4034,부정
4035,긍정
4036,긍정
4037,긍정
4038,긍정
4039,긍정
4040,긍정
4041,긍정
4042,긍정
4043,긍정
4044,긍정
4045,긍정
4046,긍정
4047,긍정
4048,긍정
4049,긍정
4050,긍정
4051,긍정
4052,긍정
4053,긍정
4054,긍정
4055,긍정
4056,긍정
4057,긍정
4058,긍정
4059,긍정
4060,negative
4061,긍정
4062,긍정
4063,긍정
4064,부정
4065,긍정
4066,긍정
4067,긍정
4068,긍정
4069,긍정
4070,긍정
4071,부정
4072,긍정
4073,긍정
4074,긍정
4075,긍정
4076,긍정
4077,긍정
4078,부정
4079,긍정
4080,긍정
4081,긍정
4082,긍정
4083,긍정
4084,긍정
4085,부정
4086,긍정
4087,긍정
4088,부정
4089,긍정
4090,긍정
4091,긍정
4092,negative
4093,부정
4094,긍정
4095,긍정
4096,긍정
4097,긍정
4098,긍정
4099,긍정
4100,긍정
4101,긍정
4102,긍정
4103,부정
4104,긍정
4105,긍정
4106,긍정
4107,긍정
4108,긍정
4109,긍정
4110,긍정
4111,긍정
4112,긍정
4113,긍정
4114,긍정
4115,긍정
4116,긍정
4117,긍정
4118,긍정
4119,긍정
4120,긍정
4121,긍정
4122,긍정
4123,긍정
4124,긍정
4125,긍정
4126,긍정
4127,긍정
4128,긍정
4129,긍정
4130,긍정
4131,긍정
4132,긍정
4133,긍정
4134,negative
4135,긍정
4136,긍정
4137,부정
4138,긍정
4139,긍정
4140,긍정
4141,긍정
4142,긍정
4143,긍정
4144,긍정
4145,긍정
4146,긍정
4147,긍정
4148,긍정
4149,긍정
4150,긍정
4151,긍정
4152,긍정
4153,긍정
4154,긍정
4155,긍정
4156,긍정
4157,긍정
4158,긍정
4159,부정
4160,긍정
4161,긍정
4162,긍정
4163,긍정
4164,긍정
4165,긍정
4166,긍정
4167,부정
4168,긍정
4169,긍정
4170,긍정
4171,긍정
4172,긍정
4173,긍정
4174,긍정
4175,긍정
4176,긍정
4177,긍정
4178,긍정
4179,긍정
4180,긍정
4181,긍정
4182,긍정
4183,긍정
4184,긍정
4185,긍정
4186,긍정
4187,긍정
4188,부정
4189,긍정
4190,긍정
4191,긍정
4192,긍정
4193,긍정
4194,긍정
4195,긍정
4196,긍정
4197,긍정
4198,긍정
4199,긍정
4200,긍정
4201,긍정
4202,긍정
4203,긍정
4204,긍정
4205,긍정
4206,긍정
4207,긍정
4208,긍정
4209,긍정
4210,긍정
4211,긍정
4212,긍정
4213,긍정
4214,긍정
4215,긍정
4216,긍정
4217,긍정
4218,긍정
4219,긍정
4220,긍정
4221,긍정
4222,긍정
4223,긍정
4224,긍정
4225,긍정
4226,긍정
4227,긍정
4228,긍정
4229,긍정
4230,긍정
4231,긍정
4232,긍정
4233,긍정
4234,긍정
4235,긍정
4236,긍정
4237,긍정
4238,긍정
4239,긍정
4240,긍정
4241,긍정
4242,긍정
4243,긍정
4244,긍정
4245,긍정
4246,긍정
4247,긍정
4248,긍정
4249,긍정
4250,긍정
4251,긍정
4252,긍정
4253,긍정
4254,긍정
4255,긍정
4256,긍정
4257,긍정
4258,긍정
4259,긍정
4260,긍정
4261,긍정
4262,긍정
4263,긍정
4264,긍정
4265,긍정
4266,긍정
4267,긍정
4268,긍정
4269,긍정
4270,긍정
4271,긍정
4272,긍정
4273,긍정
4274,긍정
4275,긍정
4276,긍정
4277,긍정
4278,긍정
4279,부정
4280,긍정
4281,부정
4282,긍정
4283,긍정
4284,긍정
4285,긍정
4286,negative
4287,긍정
4288,부정
4289,긍정
4290,긍정
4291,긍정
4292,긍정
4293,긍정
4294,긍정
4295,긍정
4296,긍정
4297,긍정
4298,긍정
4299,긍정
4300,긍정
4301,긍정
4302,긍정
4303,긍정
4304,긍정
4305,긍정
4306,긍정
4307,긍정
4308,긍정
4309,부정
4310,긍정
4311,긍정
4312,부정
4313,긍정
4314,긍정
4315,긍정
4316,긍정
4317,긍정
4318,긍정
4319,긍정
4320,긍정
4321,긍정
4322,긍정
4323,긍정
4324,긍정
4325,긍정
4326,긍정
4327,긍정
4328,긍정
4329,긍정
4330,긍정
4331,긍정
4332,긍정
4333,긍정
4334,긍정
4335,긍정
4336,긍정
4337,긍정
4338,긍정
4339,긍정
4340,긍정
4341,긍정
4342,긍정
4343,긍정
4344,긍정
4345,긍정
4346,긍정
4347,긍정
4348,긍정
4349,긍정
4350,긍정
4351,부정
4352,긍정
4353,긍정
4354,긍정
4355,긍정
4356,긍정
4357,긍정
4358,긍정
4359,긍정
4360,긍정
4361,긍정
4362,긍정
4363,긍정
4364,긍정
4365,부정
4366,긍정
4367,긍정
4368,긍정
4369,긍정
4370,긍정
4371,긍정
4372,긍정
4373,긍정
4374,긍정
4375,긍정
4376,긍정
4377,긍정
4378,긍정
4379,긍정
4380,긍정
4381,긍정
4382,긍정
4383,긍정
4384,긍정
4385,긍정
4386,긍정
4387,긍정
4388,긍정
4389,긍정
4390,긍정
4391,긍정
4392,긍정
4393,긍정
4394,긍정
4395,긍정
4396,긍정
4397,긍정
4398,긍정
4399,부정
4400,부정
4401,긍정
4402,긍정
4403,긍정
4404,긍정
4405,긍정
4406,긍정
4407,긍정
4408,긍정
4409,긍정
4410,긍정
4411,긍정
4412,긍정
4413,긍정
4414,긍정
4415,긍정
4416,긍정
4417,긍정
4418,긍정
4419,긍정
4420,긍정
4421,긍정
4422,긍정
4423,긍정
4424,긍정
4425,긍정
4426,긍정
4427,긍정
4428,긍정
4429,긍정
4430,긍정
4431,긍정
4432,긍정
4433,긍정
4434,긍정
4435,긍정
4436,긍정
4437,긍정
4438,긍정
4439,긍정
4440,긍정
4441,긍정
4442,긍정
4443,긍정
4444,긍정
4445,긍정
4446,긍정
4447,긍정
4448,긍정
4449,긍정
4450,긍정
4451,긍정
4452,긍정
4453,긍정
4454,긍정
4455,긍정
4456,긍정
4457,긍정
4458,긍정
4459,긍정
4460,긍정
4461,긍정
4462,부정
4463,긍정
4464,긍정
4465,긍정
4466,긍정
4467,긍정
4468,긍정
4469,긍정
4470,긍정
4471,긍정
4472,긍정
4473,긍정
4474,긍정
4475,긍정
4476,긍정
4477,긍정
4478,긍정
4479,긍정
4480,긍정
4481,긍정
4482,긍정
4483,긍정
4484,긍정
4485,긍정
4486,긍정
4487,긍정
4488,긍정
4489,긍정
4490,긍정
4491,긍정
4492,긍정
4493,긍정
4494,긍정
4495,긍정
4496,긍정
4497,긍정
4498,긍정
4499,긍정
4500,긍정
4501,긍정
4502,긍정
4503,긍정
4504,긍정
4505,긍정
4506,긍정
4507,긍정
4508,긍정
4509,긍정
4510,긍정
4511,긍정
4512,긍정
4513,긍정
4514,긍정
4515,긍정
4516,긍정
4517,긍정
4518,긍정
4519,긍정
4520,긍정
4521,긍정
4522,긍정
4523,긍정
4524,긍정
4525,긍정
4526,긍정
4527,긍정
4528,긍정
4529,긍정
4530,긍정
4531,긍정
4532,긍정
4533,긍정
4534,긍정
4535,긍정
4536,긍정
4537,긍정
4538,긍정
4539,긍정
4540,긍정
4541,긍정
4542,긍정
4543,긍정
4544,긍정
4545,긍정
4546,긍정
4547,긍정
4548,긍정
4549,긍정
4550,긍정
4551,긍정
4552,긍정
4553,부정
4554,긍정
4555,긍정
4556,긍정
4557,긍정
4558,긍정
4559,긍정
4560,긍정
4561,긍정
4562,긍정
4563,긍정
4564,긍정
4565,긍정
4566,긍정
4567,긍정
4568,긍정
4569,긍정
4570,긍정
4571,긍정
4572,긍정
4573,긍정
4574,긍정
4575,긍정
4576,긍정
4577,긍정
4578,긍정
4579,긍정
4580,긍정
4581,긍정
4582,긍정
4583,긍정
4584,긍정
4585,긍정
4586,긍정
4587,긍정
4588,긍정
4589,긍정
4590,긍정
4591,긍정
4592,긍정
4593,긍정
4594,긍정
4595,부정
4596,긍정
4597,긍정
4598,긍정
4599,긍정
4600,긍정
4601,긍정
4602,긍정
4603,긍정
4604,긍정
4605,긍정
4606,긍정
4607,긍정
4608,긍정
4609,긍정
4610,긍정
4611,긍정
4612,부정
4613,긍정
4614,긍정
4615,부정
4616,긍정
4617,긍정
4618,긍정
4619,긍정
4620,긍정
4621,긍정
4622,긍정
4623,긍정
4624,긍정
4625,긍정
4626,긍정
4627,긍정
4628,긍정
4629,긍정
4630,긍정
4631,긍정
4632,긍정
4633,긍정
4634,긍정
4635,긍정
4636,긍정
4637,긍정
4638,긍정
4639,긍정
4640,긍정
4641,긍정
4642,긍정
4643,긍정
4644,긍정
4645,긍정
4646,부정
4647,부정
4648,긍정
4649,긍정
4650,긍정
4651,긍정
4652,긍정
4653,긍정
4654,긍정
4655,긍정
4656,긍정
4657,긍정
4658,긍정
4659,긍정
4660,긍정
4661,긍정
4662,긍정
4663,긍정
4664,긍정
4665,긍정
4666,긍정
4667,긍정
4668,긍정
4669,긍정
4670,긍정
4671,긍정
4672,긍정
4673,긍정
4674,긍정
4675,긍정
4676,긍정
4677,긍정
4678,긍정
4679,긍정
4680,긍정
4681,긍정
4682,긍정
4683,negative
4684,긍정
4685,긍정
4686,긍정
4687,긍정
4688,긍정
4689,긍정
4690,긍정
4691,긍정
4692,긍정
4693,긍정
4694,긍정
4695,긍정
4696,긍정
4697,부정
4698,긍정
4699,긍정
4700,긍정
4701,긍정
4702,긍정
4703,긍정
4704,긍정
4705,긍정
4706,긍정
4707,긍정
4708,긍정
4709,긍정
4710,긍정
4711,긍정
4712,긍정
4713,긍정
4714,긍정
4715,긍정
4716,긍정
4717,긍정
4718,긍정
4719,긍정
4720,긍정
4721,긍정
4722,긍정
4723,긍정
4724,긍정
4725,긍정
4726,긍정
4727,긍정
4728,긍정
4729,긍정
4730,긍정
4731,긍정
4732,긍정
4733,긍정
4734,긍정
4735,긍정
4736,긍정
4737,긍정
4738,긍정
4739,긍정
4740,긍정
4741,긍정
4742,긍정
4743,부정
4744,긍정
4745,긍정
4746,긍정
4747,긍정
4748,긍정
4749,긍정
4750,긍정
4751,긍정
4752,긍정
4753,긍정
4754,긍정
4755,부정
4756,부정
4757,긍정
4758,긍정
4759,긍정
4760,긍정
4761,긍정
4762,긍정
4763,긍정
4764,긍정
4765,긍정
4766,긍정
4767,긍정
4768,긍정
4769,긍정
4770,긍정
4771,긍정
4772,긍정
4773,긍정
4774,부정
4775,긍정
4776,긍정
4777,긍정
4778,긍정
4779,긍정
4780,긍정
4781,긍정
4782,긍정
4783,긍정
4784,긍정
4785,긍정
4786,긍정
4787,긍정
4788,긍정
4789,긍정
4790,긍정
4791,긍정
4792,긍정
4793,긍정
4794,부정
4795,긍정
4796,긍정
4797,긍정
4798,긍정
4799,긍정
4800,긍정
4801,긍정
4802,긍정
4803,긍정
4804,긍정
4805,긍정
4806,긍정
4807,긍정
4808,긍정
4809,긍정
4810,긍정
4811,긍정
4812,긍정
4813,긍정
4814,긍정
4815,긍정
4816,부정
4817,긍정
4818,긍정
4819,긍정
4820,긍정
4821,긍정
4822,긍정
4823,긍정
4824,긍정
4825,긍정
4826,긍정
4827,긍정
4828,긍정
4829,긍정
4830,긍정
4831,긍정
4832,긍정
4833,긍정
4834,긍정
4835,긍정
4836,긍정
4837,부정
4838,부정
4839,긍정
4840,긍정
4841,긍정
4842,긍정
4843,긍정
4844,긍정
4845,긍정
4846,긍정
4847,긍정
4848,긍정
4849,긍정
4850,긍정
4851,긍정
4852,긍정
4853,긍정
4854,긍정
4855,긍정
4856,긍정
4857,긍정
4858,긍정
4859,긍정
4860,긍정
4861,긍정
4862,긍정
4863,긍정
4864,긍정
4865,긍정
4866,긍정
4867,긍정
4868,긍정
4869,부정
4870,긍정
4871,긍정
4872,긍정
4873,긍정
4874,긍정
4875,긍정
4876,긍정
4877,긍정
4878,긍정
4879,긍정
4880,긍정
4881,긍정
4882,긍정
4883,긍정
4884,긍정
4885,긍정
4886,긍정
4887,긍정
4888,긍정
4889,긍정
4890,긍정
4891,긍정
4892,긍정
4893,긍정
4894,긍정
4895,긍정
4896,부정
4897,긍정
4898,긍정
4899,긍정
4900,긍정
4901,긍정
4902,긍정
4903,긍정
4904,긍정
4905,긍정
4906,긍정
4907,긍정
4908,긍정
4909,긍정
4910,긍정
4911,긍정
4912,긍정
4913,긍정
4914,긍정
4915,긍정
4916,긍정
4917,긍정
4918,부정
4919,긍정
4920,부정
4921,긍정
4922,긍정
4923,긍정
4924,긍정
4925,긍정
4926,긍정
4927,긍정
4928,긍정
4929,긍정
4930,긍정
4931,긍정
4932,긍정
4933,긍정
4934,긍정
4935,긍정
4936,긍정
4937,긍정
4938,긍정
4939,긍정
4940,긍정
4941,긍정
4942,부정
4943,긍정
4944,긍정
4945,긍정
4946,긍정
4947,긍정
4948,긍정
4949,부정
4950,긍정
4951,긍정
4952,긍정
4953,긍정
4954,긍정
4955,긍정
4956,긍정
4957,긍정
4958,긍정
4959,긍정
4960,긍정
4961,긍정
4962,긍정
4963,긍정
4964,긍정
4965,긍정
4966,긍정
4967,긍정
4968,긍정
4969,긍정
4970,긍정
4971,긍정
4972,긍정
4973,부정
4974,긍정
4975,긍정
4976,긍정
4977,긍정
4978,긍정
4979,긍정
4980,긍정
4981,긍정
4982,긍정
4983,긍정
4984,부정
4985,긍정
4986,긍정
4987,부정
4988,긍정
4989,긍정
4990,긍정
4991,긍정
4992,긍정
4993,긍정
4994,긍정
4995,긍정
4996,긍정
4997,긍정
4998,긍정
4999,긍정
5000,긍정
5001,긍정
5002,긍정
5003,긍정
5004,긍정
5005,긍정
5006,긍정
5007,긍정
5008,긍정
5009,긍정
5010,긍정
5011,긍정
5012,긍정
5013,긍정
5014,긍정
5015,긍정
5016,긍정
5017,긍정
5018,긍정
5019,긍정
5020,긍정
5021,긍정
5022,긍정
5023,부정
5024,긍정
5025,긍정
5026,긍정
5027,긍정
5028,긍정
5029,긍정
5030,긍정
5031,긍정
5032,긍정
5033,긍정
5034,긍정
5035,긍정
5036,긍정
5037,긍정
5038,긍정
5039,긍정
5040,긍정
5041,긍정
5042,긍정
5043,긍정
5044,긍정
5045,긍정
5046,긍정
5047,긍정
5048,긍정
5049,긍정
5050,긍정
5051,긍정
5052,긍정
5053,긍정
5054,긍정
5055,긍정
5056,긍정
5057,긍정
5058,긍정
5059,긍정
5060,긍정
5061,긍정
5062,긍정
5063,긍정
5064,긍정
5065,긍정
5066,긍정
5067,긍정
5068,긍정
5069,긍정
5070,긍정
5071,긍정
5072,긍정
5073,긍정
5074,긍정
5075,긍정
5076,긍정
5077,긍정
5078,긍정
5079,긍정
5080,긍정
5081,긍정
5082,긍정
5083,긍정
5084,긍정
5085,긍정
5086,긍정
5087,긍정
5088,긍정
5089,긍정
5090,긍정
5091,긍정
5092,긍정
5093,긍정
5094,긍정
5095,긍정
5096,긍정
5097,긍정
5098,긍정
5099,긍정
5100,긍정
5101,긍정
5102,긍정
5103,긍정
5104,긍정
5105,긍정
5106,긍정
5107,긍정
5108,긍정
5109,긍정
5110,긍정
5111,긍정
5112,긍정
5113,긍정
5114,긍정
5115,긍정
5116,긍정
5117,긍정
5118,긍정
5119,긍정
5120,부정
5121,긍정
5122,긍정
5123,부정
5124,긍정
5125,긍정
5126,긍정
5127,긍정
5128,부정
5129,긍정
5130,부정
5131,긍정
5132,긍정
5133,긍정
5134,긍정
5135,긍정
5136,긍정
5137,긍정
5138,긍정
5139,긍정
